exp_num,sum_w_ytd,sum_d_ytd,sum_d_next_o_id,sum_c_balance,sum_c_ytd_payment,sum_c_payment_cnt,sum_c_delivery_cnt,max_o_id,sum_o_ol_cnt,sum_ol_amount,sum_ol_quantity,sum_s_quantity,sum_s_ytd,sum_s_order_cnt,sum_s_remote_cnt
1,66247820.81,70595061.47999999,543829,3636614511.38,70712872.0,327084,235574,14607,6793557.0,6467907507.27,35491958.0,55718914.0,16736063.0,3042740,18825
2,70165642.37000005,70684811.22,543829,3595580581.33,70712872.0,327084,242868,14607,6793557.0,6467907507.27,35491958.0,55719002.0,16731175.0,3041870,19100
3,122997544.26000018,125645469.83,811788,7184692172.06,125821808.0,349156,490366,15705,10140332.0,7400834774.36,53893597.0,56428774.0,35111203.0,6384750,9721
4,121163726.11000012,125748321.28,811788,6813187021.77,125821808.0,349156,466982,15705,10140344.0,7400837997.88,53893663.0,56431948.0,35148429.0,6391550,9804
